## drop database banco;
create database banco;
use banco;
create table directores
(id integer not null primary key,
nombre varchar(15),
apellidos  varchar(50),
sueldo decimal(9,2)
);

create table sucursales
(nsucursal decimal(6) not null primary key,
nombre varchar(50),
director integer,
direccion varchar(50),
foreign key(director) references directores(id)
);

create table clientes
( dni char(9) not null primary key,
nombre varchar(15),
apellidos varchar(50),
direccion  varchar(50),
fecha_de_alta date,
credito decimal(9),
nsucursal decimal(6),
foreign key(nsucursal) references sucursales(nsucursal)
);



insert into directores values(12,'Alberto', 'Pérez Martín',78000);
insert into directores values(15,'Antonio', 'López López',65000);
insert into directores values(20,'Silvia', 'Martín Martín',71300);
insert into directores values(13,'Pedro', 'García Martín',51900);

insert into directores values(112,'Antonio', 'López Sánchez',48000);
insert into directores values(115,'Eva', 'Pérez Reverte',51500);
insert into directores values(120,'Sara', 'Martín Suárez',53000);
insert into directores values(113,'Sebastian', 'García López',49000);

insert into directores values(415,'Antonia', 'Martínez Alonso',43000);
insert into directores values(425,'Matín', 'Gutiérrez Fernández',50500);
insert into directores values(463,'Marta', 'López Sánchez',85000);
insert into directores values(459,'Fernando', 'Torremocha Bartolomé',45000);

insert into directores values(503,'Rosa', 'Carrasco Montes',52000);
insert into directores values(565,'Pedro', 'Amargo Núñez',87500);
insert into directores values(587,'Mayte', 'Dones Tudela',85000);
insert into directores values(590,'Mariano', 'Montero Sanz',48000);

insert into sucursales values(1001,'Sucursal Centro',12,'Avd. del Estilo, 45');
insert into sucursales values(1002,'Sucursal Oeste',15,'Avd. Mediterráneo, 14');
insert into sucursales values(1003,'Sucursal Este',20,'Calle Martínez, 45');
insert into sucursales values(1004,'Sucursal Norte',null,'Calle Especias, 23');

insert into sucursales values(1005,'Madrid Centro',112,'Avd. Mediterraneo, 145');
insert into sucursales values(1006,'Madrid Oeste',115,'Avd. Pablo López, 4');
insert into sucursales values(1007,'Madrid Este',120,'Calle Rosal, 30');
insert into sucursales values(1008,'Madrid Norte',113,'Calle Espínosa, 123');

insert into sucursales values(1009,'Sevilla Centro',415,'Avd. Portobello, 145');
insert into sucursales values(1010,'Sevilla Oeste',425,'Avd. Mandrágora, 4');
insert into sucursales values(1011,'Sevilla Este',463,'Calle Toledo, 30');
insert into sucursales values(1012,'Sevilla Norte',459,'Calle Miel, 123');

insert into sucursales values(1013,'Zamora Centro',503,'Avd. Sinfín, 145');
insert into sucursales values(1014,'Zamora Oeste',565,'Avd. Norte, 4');
insert into sucursales values(1015,'León Este',587,'Calle mantús, 30');
insert into sucursales values(1016,'Soria Norte',null,'Calle Almenara, 123');

insert into sucursales values(1017,'Barcelona Centro',13,'Avd. Torrelaguna, 145');
insert into sucursales values(1018,'Barcelona Oeste',590,'Avd. Torremocha, 4');
insert into sucursales values(1019,'Valencia Este',463,'Calle Arús, 30');
insert into sucursales values(1020,'Valencia Norte',459,'Calle Miguelete, 123');

insert into clientes values('30515454K', 'Ana', 'Martín Martín', 'Calle del Socorro, 1', '08/01/18', 1500,1001);
insert into clientes values('33358796A', 'Marta', 'López Ruiz', 'Calle Martínez, 76', '14/09/17', 600,1001);
insert into clientes values('78458784B', 'Antonio', 'Castillo Mentas', 'Calle Soles, 14', null, 500,1002);

insert into clientes values('40515454K', 'Sara', 'Horacio Llanes', 'Calle del Solano, 1', '18/01/17', 1500,1001);
insert into clientes values('43358796A', 'Silvia', 'Morantes Ruiz', 'Calle Geranio, 76', '14/10/17', 600,1001);
insert into clientes values('48458784B', 'Tomás', 'Carracso Molas', 'Calle Solanero, 14', null, 500,1002);

insert into clientes values('50515454K', 'Marta', 'Martorell Andréz', 'Calle del Auxilio, 1', '08/01/18', 1500,1003);
insert into clientes values('53358796A', 'Manuela', 'Aparicio Ruiz', 'Calle Herrerias, 76', '24/02/17', 600,1015);
insert into clientes values('58458784B', 'Alvaro', 'Castellano Moras', 'Calle Huertas, 14', null, 500,1003);

insert into clientes values('30515453K', 'Alicia', 'Ortega Moreno', 'Calle del Perpetuo, 1', '08/01/18', 1500,1014);
insert into clientes values('33358797A', 'Elena', 'Villares Martín', 'Calle Marfil, 76', '14/02/17', 600,1004);
insert into clientes values('78458789B', 'Luis', 'Horno Martínez', 'Calle Hileras, 14', null, 500,1004);

insert into clientes values('41515453K', 'Laura', 'Buenanueva Horio', 'Calle de la Magia, 1', '08/01/18', 1500,1005);
insert into clientes values('41358797A', 'Hugo', 'Moreno Santos', 'Calle Moreno, 76', '14/02/17', 600,1006);
insert into clientes values('41458789B', 'Gregorio', 'Aldeano Rústico', 'Calle Mortero, 14', null, 500,1013);

insert into clientes values('53515453K', 'Juan', 'Ramírez Ramiro', 'Calle del Puerto, 1', '08/01/18', 1500,1016);
insert into clientes values('54358797A', 'Rafael', 'Blanes Todelo', 'Calle Pirita, 76', '14/02/17', 600,1007);
insert into clientes values('55458789B', 'Mariano', 'Sánchez Cuesta', 'Calle Molino, 14', null, 500,1008);

insert into clientes values('20515453K', 'Carlos', 'Ledio Hermenegildo', 'Calle del Tormento, 1', '08/01/18', 1500,1008);
insert into clientes values('21358797A', 'Daniel', 'Antares Siesgo', 'Calle Gran Canaria, 76', '14/02/17', 600,1018);
insert into clientes values('22458789B', 'Diego', 'Narbona Ontares', 'Calle Gomera, 14', null, 500,1017);

insert into clientes values('23515453K', 'Asunción', 'Zugasti López', 'Calle del Duero, 1', '08/01/18', 1500,1009);
insert into clientes values('24358797A', 'Cristina', 'Bueno Melgar', 'Calle Hierro, 76', '14/02/17', 600,1009);
insert into clientes values('25458789B', 'Carmen', 'Ollero Ruso', 'Calle Mesana, 14', null, 500,1010);

insert into clientes values('58515453K', 'Ascension', 'Alvarez Molero', 'Calle del Manto, 1', '08/01/18', 1500,1010);
insert into clientes values('58358797A', 'Pedro', 'Canal Rueda', 'Calle Oropel, 76', '14/02/17', 600,1011);
insert into clientes values('58458789B', 'Daniel', 'Huertas Arroyo', 'Calle Nueva, 14', null, 500,1012);



