CREATE DATABASE minireto6;
USE minireto6;

CREATE TABLE productos (
idfab VARCHAR(3),
idproducto VARCHAR(6),
descripcion VARCHAR(100) NOT NULL,
precio DECIMAL(9 , 2) NOT NULL,
existencias INTEGER NOT NULL,
PRIMARY KEY (idfab, idproducto)
);

CREATE TABLE oficinas (
oficina DECIMAL (2) PRIMARY KEY,
ciudad VARCHAR (50) NOT NULL,
region VARCHAR (6) NOT NULL,
director INTEGER,
objetivo INTEGER,
ventas INTEGER
);

CREATE TABLE empleados (
numemp INTEGER PRIMARY KEY ,
nombre VARCHAR (1000),
edad INTEGER,
oficina DECIMAL (2),
titulo VARCHAR(50),
contrato DATE,
jefe INTEGER,
cuota DECIMAL(9 , 2),
ventas DECIMAL (9 , 2),
FOREIGN KEY (oficina) REFERENCES oficinas (oficina),
FOREIGN KEY (jefe) REFERENCES empleados (numemp)
);

CREATE TABLE clientes (
numclie INT PRIMARY KEY,
nombre VARCHAR (100) NOT NULL,
repclie INT NOT NULL,
limitecredito DECIMAL(9 , 2) NOT NULL,
FOREIGN KEY (repclie) references empleados (numemp)
);

CREATE TABLE pedidos (
codigo INT auto_increment PRIMARY KEY,
numpedido INT(6),
fechapedido DATE,
clie INT(50),
rep INT,
fab VARCHAR (3),
producto VARCHAR (5),
cant INT,
importe DECIMAL (9 , 2),
FOREIGN KEY (fab, producto) REFERENCES productos (idfab, idproducto),
FOREIGN KEY (rep) REFERENCES empleados (numemp),
FOREIGN KEY (clie) REFERENCES clientes (numclie)
    
);

insert into productos values('aci','41001', 'arandela',58, 277);
insert into productos values('aci','41002', 'bisagra',80, 197);
insert into productos values('aci','41003', 'art t3',112, 207);
insert into productos values('aci','41004', 'art t4',123, 139);
insert into productos values('aci','4100x', 'junta',26, 37);
insert into productos values('aci','4100y', 'extractor',2888, 25);
insert into productos values('aci','4100z', 'mont',2625, 28);
insert into productos values('bic','41003', 'manivela',652, 3);
insert into productos values('bic','41089', 'rodamiento',225, 78);
insert into productos values('bic','41672', 'plato',180, 0);
insert into productos values('fea','112', 'cubo',148, 115);
insert into productos values('fea','114', 'cubo',243, 15);
insert into productos values('imm','773c', 'reostato',975, 28);
insert into productos values('imm','775c', 'reostato 2',1425, 5);
insert into productos values('imm','779c', 'reostato 3',1875, 0);
insert into productos values('imm','887h', 'caja clavos',54, 223);
insert into productos values('imm','887p', 'perno',25, 24);
insert into productos values('imm','887x', 'manivela',475, 32);
insert into productos values('qsa','xk47', 'red',355, 38);
insert into productos values('qsa','xk48', 'red',134, 203);
insert into productos values('qsa','xk48a', 'red',117, 37);
insert into productos values('rei','2a44g', 'pas',350, 14);
insert into productos values('rei','2a44l', 'bomba l',4500, 12);
insert into productos values('rei','2a44r', 'bomba r',4500, 12);
insert into productos values('rei','2a45c', 'junta',79, 210);

insert into oficinas values(11,'Valencia', 'este',106,575000, 693000);
insert into oficinas values(12,'Alicante', 'este',104,800000, 735000);
insert into oficinas values(13,'Castellon', 'este',105,350000, 368000);
insert into oficinas values(21,'Badajoz', 'oeste',108,725000, 836000);
insert into oficinas values(22,'A Couruña', 'oeste',108,575000, 186000);
insert into oficinas values(23,'Madrid', 'centro',108, null, null);
insert into oficinas values(24,'Madrid', 'centro',108,250000, 150000);
insert into oficinas values(26,'Pamplona', 'oeste', null, null, null);
insert into oficinas values(28,'Valencia', 'este',null,900000, 0);

INSERT INTO empleados VALUES ('106', 'Luis Antonio', '52', '11', 'dir general', '88-06-14',null, '275000', '299000');
INSERT INTO empleados VALUES ('104', 'José Gonzaléz', '33', '12', 'dir ventas', '87-05-19', '106', '200000', '143000');
INSERT INTO empleados VALUES ('108', 'Ana Bustamante', '62', '21', 'dir ventas', '89-10-12', '106', '350000', '361000');
INSERT INTO empleados VALUES ('109', 'María Sunta', '31', '11', 'representante', '99-10-12', '106', '300000', '392000');
INSERT INTO empleados VALUES ('101', 'Antonio Viguer', '45', '12', 'representante', '86-10-20', '104', '300000', '305000');
INSERT INTO empleados VALUES ('103', 'Juan Rovira', '29', '12', 'representante', '87-03-01', '104', '275000', '286000');
INSERT INTO empleados VALUES ('105', 'Vicente Pantalla', '37', '13', 'representante', '88-02-12', '104', '350000', '368000');
INSERT INTO empleados VALUES ('110', 'Juan Victor', '41', null, 'representante', '90-01-13', '104', null, '76000');
INSERT INTO empleados VALUES ('102', 'Alvaro Jaumes', '48', '21', 'representante', '86-12-10', '108', '350000', '474000');
INSERT INTO empleados VALUES ('107', 'Jorge Gutiérrez', '49', '22', 'representante', '88-11-14', '108', '300000', '186000');


INSERT INTO clientes VALUES ('2101', 'Luis García Antón', '106', '65000');
INSERT INTO clientes VALUES ('2102', 'Alvaro Rodríguez', '101', '65000');
INSERT INTO clientes VALUES ('2103', 'Jaime Llorens', '105', '50000');
INSERT INTO clientes VALUES ('2105', 'Antonio Canales', '101', '45000');
INSERT INTO clientes VALUES ('2106', 'Juan Suárez', '102', '65000');
INSERT INTO clientes VALUES ('2107', 'Julian López', '110', '35000');
INSERT INTO clientes VALUES ('2108', 'Julia Antequera', '109', '55000');
INSERT INTO clientes VALUES ('2109', 'Albaro Juanes', '103', '25000');
INSERT INTO clientes VALUES ('2111', 'Cristóbal García', '103', '50000');
INSERT INTO clientes VALUES ('2112', 'María Silva', '108', '50000');
INSERT INTO clientes VALUES ('2113', 'Luis Maron', '104', '20000');
INSERT INTO clientes VALUES ('2114', 'Cristina Bulini', '102', '20000');
INSERT INTO clientes VALUES ('2115', 'Vicente Masrtínez', '101', '20000');
INSERT INTO clientes VALUES ('2117', 'Carlos Tena', '106', '35000');
INSERT INTO clientes VALUES ('2118', 'Junípero Alvarez', '108', '60000');
INSERT INTO clientes VALUES ('2119', 'Salomon Bueno ', '109', '25000');
INSERT INTO clientes VALUES ('2120', 'Juan Malo', '102', '50000');
INSERT INTO clientes VALUES ('2121', 'Vicente Ríos', '103', '45000');
INSERT INTO clientes VALUES ('2122', 'José Marchante', '105', '30000');
INSERT INTO clientes VALUES ('2123', 'José Libros', '102', '40000');
INSERT INTO clientes VALUES ('2124', 'Juan Bolto', '107', '40000');


INSERT INTO pedidos VALUES ('1', '110036', '97-01-02', '2107', '110', 'aci', '4100z', '9', '22500');
INSERT INTO pedidos VALUES ('2', '110036', '97-01-02', '2117', '106', 'rei', '2a44l', '7', '21500');
INSERT INTO pedidos VALUES ('3', '112963', '97-05-10', '2103', '105', 'aci', '41004', '28', '3276');
INSERT INTO pedidos VALUES ('4', '112968', '90-01-11', '2102', '101', 'aci', '41004', '34', '3978');
INSERT INTO pedidos VALUES ('5', '112975', '97-02-11', '2111', '103', 'rei', '2a44g', '6', '2100');
INSERT INTO pedidos VALUES ('6', '112979', '97-10-12', '2114', '108', 'aci', '4100z', '6', '1500');
INSERT INTO pedidos VALUES ('7', '112983', '97-05-10', '2103', '105', 'aci', '41004', '6', '702');
INSERT INTO pedidos VALUES ('8', '112987', '97-01-01', '2103', '105', 'aci', '4100y', '11', '27500');
INSERT INTO pedidos VALUES ('9', '112989', '97-12-10', '2101', '106', 'fea', '114', '6', '1458');
INSERT INTO pedidos VALUES ('10', '112992', '90-04-15', '2118', '108', 'aci', '41002', '10', '760');
INSERT INTO pedidos VALUES ('11', '112993', '97-03-10', '2106', '102', 'rei', '2a45c', '24', '1896');
INSERT INTO pedidos VALUES ('12', '112997', '97-04-04', '2124', '107', 'bic', '41003', '1', '652');
INSERT INTO pedidos VALUES ('13', '113003', '97-02-05', '2108', '109', 'imm', '779c', '3', '5625');
INSERT INTO pedidos VALUES ('14', '113007', '97-01-01', '2112', '108', 'imm', '773c', '3', '2925');
INSERT INTO pedidos VALUES ('15', '113012', '97-05-05', '2111', '105', 'aci', '41003', '35', '3745');
INSERT INTO pedidos VALUES ('16', '113013', '97-08-06', '2118', '108', 'bic', '41003', '1', '652');
INSERT INTO pedidos VALUES ('17', '11024', '97-07-04', '2114', '108', 'qsa', 'xk47', '20', '7100');
INSERT INTO pedidos VALUES ('18', '113027', '97-02-05', '2103', '105', 'aci', '41002', '54', '4104');
INSERT INTO pedidos VALUES ('19', '113034', '97-11-05', '2107', '110', 'rei', '2a45c', '8', '632');
INSERT INTO pedidos VALUES ('20', '113042', '97-01-01', '2113', '101', 'rei', '2a44r', '5', '2250');
INSERT INTO pedidos VALUES ('21', '113045', '97-07-02', '2112', '108', 'rei', '2a44r', '10', '4500');
INSERT INTO pedidos VALUES ('22', '113048', '97-02-02', '2120', '102', 'imm', '779c', '2', '3750');
INSERT INTO pedidos VALUES ('23', '113049', '97-04-04', '2118', '108', 'qsa', 'xk47', '2', '776');
INSERT INTO pedidos VALUES ('24', '113051', '97-07-06', '2118', '108', 'qsa', 'xk47', '4', '1420');
INSERT INTO pedidos VALUES ('25', '113055', '09-04-01', '2108', '101', 'aci', '4100x', '6', '150');
INSERT INTO pedidos VALUES ('26', '113057', '97-11-01', '2111', '103', 'aci', '4100x', '24', '600');
INSERT INTO pedidos VALUES ('27', '113058', '89-07-04', '2108', '109', 'fea', '112', '10', '1480');
INSERT INTO pedidos VALUES ('28', '113062', '97-07-04', '2124', '107', 'bic', '41003', '10', '2430');
INSERT INTO pedidos VALUES ('29', '113065', '97-06-03', '2106', '102', 'qsa', 'xk47', '6', '2130');
INSERT INTO pedidos VALUES ('30', '113069', '97-08-01', '2109', '107', 'imm', '773c', '22', '21250');